create table trabajador(
    id_trabajador varchar2(9),
    nombre varchar2(30),
    apellido varchar2(30),
    edad integer,
    telefono integer,
    correo varchar2(100),
    contrasena varchar2(30)
);

INSERT INTO TRABAJADOR VALUES ('43193876p','Toni','Morell',34,987665544,'tonimorell@gmail.com','1234');
INSERT INTO TRABAJADOR VALUES ('87693876p','Ismael','Garrido',24,765223344,'ismaelgarrido@gmail.com','1234');
INSERT INTO TRABAJADOR VALUES ('72453876t','Carlos','Vanrell',38,098112233,'carlosvanrell@gmail.com','1234');
INSERT INTO TRABAJADOR VALUES ('43900876z','Oscar','Guajardo',45,678990099,'oscarguajardo@gmail.com','1234');
INSERT INTO TRABAJADOR VALUES ('78193876l','Fani','Ripoll',55,606003939,'faniripoll@gmail.com','1234');

CREATE TABLE CLIENTE(
    ID_CLIENTE VARCHAR2(9),
    NOMBRE VARCHAR2(30),
    APELLIDO VARCHAR2(30).
    TELEFONO INTEGER,
    CORREO VARCHAR2(100),
    CONTRASENA VARCHAR2(30)
);

CREATE TABLE ADMINISTRADOR(
    ID_ADMINISTRADOR VARCHAR2(9),
    NOMBRE VARCHAR2(30),
    APELLIDO VARCHAR2(30),
    TELEFONO INTEGER,
    CORREO VARCHAR2(100),
    CONTRASENA VARCHAR2(30)
);

CREATE TABLE ANUNCIO(
    ID_ANUNCIO INTEGER,
    ID_TRABAJO INTEGER,
    ID_TRABAJADOR VARCHAR2(9),
    ID_DISPONIBILIDAD INTEGER,
    ID_ZONA INTEGER
);

INSERT INTO ANUNCIO VALUES (001,1,'43193876p',1,9);
INSERT INTO ANUNCIO VALUES (002,2,'43193876p',1,8);
INSERT INTO ANUNCIO VALUES (003,3,'87693876p',1,7);
INSERT INTO ANUNCIO VALUES (004,4,'43900876z',1,7);
INSERT INTO ANUNCIO VALUES (005,4,'43900876z',1,7);
INSERT INTO ANUNCIO VALUES (006,3,'78193876l',1,7);
INSERT INTO ANUNCIO VALUES (007,3,'78193876l',1,7);
INSERT INTO ANUNCIO VALUES (008,4,'78193876l',1,7);
INSERT INTO ANUNCIO VALUES (009,6,'43900876z',1,7);
INSERT INTO ANUNCIO VALUES (0010,7,'43900876z',1,7);
INSERT INTO ANUNCIO VALUES (0011,3,'72453876t',1,7);
INSERT INTO ANUNCIO VALUES (0012,1,'72453876t',1,7);
INSERT INTO ANUNCIO VALUES (0013,1,'72453876t',1,7);

CREATE TABLE TRABAJO(
    ID_TRABAJO INTEGER,
    TIPO VARCHAR2(20),
    DESCRIPCION VARCHAR2(100)
);

INSERT INTO TRABAJO VALUES (1,'Nanny','Cuidado de niños pequeños');
INSERT INTO TRABAJO VALUES (2,'Limpieza','Limpieza del hogar');
INSERT INTO TRABAJO VALUES (3,'Repaso','Clases de repaso para niños pequeños');
INSERT INTO TRABAJO VALUES (4,'Cuidador','Cuidado de personas con dependencia');
INSERT INTO TRABAJO VALUES (5,'Jardinería','Trabajos de jardinería');
INSERT INTO TRABAJO VALUES (6,'Paseador de perros','Cuidado de las mascotas del hogar');
INSERT INTO TRABAJO VALUES (7,'Cocinero','Realización de comida a domicilio');

CREATE TABLE DISPONIBILIDAD(
    ID_DISPONIBILIDAD INTEGER,
    INTERVALO VARCHAR2(30)
);
INSERT INTO DISPONIBILIDAD VALUES (1,'Lunes mañana');
INSERT INTO DISPONIBILIDAD VALUES (2,'Lunes tarde');
INSERT INTO DISPONIBILIDAD VALUES (3,'Martes mañana');
INSERT INTO DISPONIBILIDAD VALUES (4,'Martes tarde');
INSERT INTO DISPONIBILIDAD VALUES (5,'Miercoles mañana');
INSERT INTO DISPONIBILIDAD VALUES (6,'Miercoles tarde');
INSERT INTO DISPONIBILIDAD VALUES (7,'Jueves mañana');
INSERT INTO DISPONIBILIDAD VALUES (8,'Jueves tarde');
INSERT INTO DISPONIBILIDAD VALUES (9,'Viernes mañana');
INSERT INTO DISPONIBILIDAD VALUES (10,'Viernes tarde');
INSERT INTO DISPONIBILIDAD VALUES (11,'Sábado mañana');
INSERT INTO DISPONIBILIDAD VALUES (12,'Sábado tarde');
INSERT INTO DISPONIBILIDAD VALUES (13,'Domingo mañana');
INSERT INTO DISPONIBILIDAD VALUES (14,'Domingo tarde');

CREATE TABLE ZONA(
    ID_ZONA INTEGER,
    NOMBRE VARCHAR2(30)
);

INSERT INTO ZONA VALUES (1,'Suroeste'),
INSERT INTO ZONA VALUES (2,'Noroeste'),
INSERT INTO ZONA VALUES (3,'Palma'),
INSERT INTO ZONA VALUES (4,'Centro'),
INSERT INTO ZONA VALUES (5,'Sur'),
INSERT INTO ZONA VALUES (6,'Sureste'),
INSERT INTO ZONA VALUES (7,'Noreste'),
INSERT INTO ZONA VALUES (8,'Norte'),

CREATE TABLE ANUNCIO(
    ID_ANUNCIO INTEGER,
    ID_TRABAJO INTEGER,
    ID_DISPONIBILIDAD INTEGER,
    ID_ZONA INTEGER
);

INSERT INTO ANUNCIO VALUES (001,1,1,9);
INSERT INTO ANUNCIO VALUES (002,2,1,8);
INSERT INTO ANUNCIO VALUES (003,3,1,7);
INSERT INTO ANUNCIO VALUES (004,4,1,7);

CREATE TABLE CONTRATACION(
    ID_ANUNCIO INTEGER,
    ID_CLIENTE VARCHAR2(9),
    FECHA_CONTRATACION DATE,
    FECHA_FIN DATE,
    FECHA_INICIO DATE,
    INTERVALO_HORARIO VARCHAR2(30),
    RECURSIVO VARCHAR2(5),
    DIRECCION_CONTRATO VARCHAR2(100),
    VALORACION INTEGER,
    COMENTARIO_VALORACION VARCHAR2(255)
);

INSERT INTO CONTRATACION (ID_ANUNCIO,ID_CLIENTE,VALORACION)
VALUES (001,'43191357w',5);
INSERT INTO CONTRATACION (ID_ANUNCIO,ID_CLIENTE,VALORACION)
VALUES (001,'43191357w',10);
INSERT INTO CONTRATACION (ID_ANUNCIO,ID_CLIENTE,VALORACION)
VALUES (002,'43191357w',3);
INSERT INTO CONTRATACION (ID_ANUNCIO,ID_CLIENTE,VALORACION)
VALUES (002,'43191357w',8);
INSERT INTO CONTRATACION (ID_ANUNCIO,ID_CLIENTE,VALORACION)
VALUES (001,'43191357w',7);
INSERT INTO CONTRATACION (ID_ANUNCIO,ID_CLIENTE,VALORACION)
VALUES (003,'43191357w',9);
INSERT INTO CONTRATACION (ID_ANUNCIO,ID_CLIENTE,VALORACION)
VALUES (003,'43191357w',6);
INSERT INTO CONTRATACION (ID_ANUNCIO,ID_CLIENTE,VALORACION)
VALUES (003,'43191357w',2);